{
    "accuracy": 0.8652178118853384,
    "f1_macro": 0.7017778314026508,
    "f1_micro": 0.8652178118853384,
    "by_language": {
        "afr": {
            "accuracy": 0.88,
            "f1_macro": 0.673747030975688,
            "f1_micro": 0.88
        },
        "rus": {
            "accuracy": 0.8796641791044776,
            "f1_macro": 0.6665629860031104,
            "f1_micro": 0.8796641791044776
        },
        "eng": {
            "accuracy": 0.7389891696750902,
            "f1_macro": 0.6674164580453112,
            "f1_micro": 0.7389891696750902
        },
        "tir": {
            "accuracy": 0.8842152872003618,
            "f1_macro": 0.703570409202674,
            "f1_micro": 0.8842152872003618
        },
        "sun": {
            "accuracy": 0.8846846846846846,
            "f1_macro": 0.8204255792437853,
            "f1_micro": 0.8846846846846846
        },
        "deu": {
            "accuracy": 0.8403710812539987,
            "f1_macro": 0.6715913002561164,
            "f1_micro": 0.8403710812539987
        },
        "amh": {
            "accuracy": 0.856338028169014,
            "f1_macro": 0.7381504206876354,
            "f1_micro": 0.856338028169014
        },
        "ptbr": {
            "accuracy": 0.874813153961136,
            "f1_macro": 0.6521432077591242,
            "f1_micro": 0.874813153961136
        },
        "som": {
            "accuracy": 0.9013254786450663,
            "f1_macro": 0.6292486761371456,
            "f1_micro": 0.9013254786450663
        },
        "oro": {
            "accuracy": 0.8947750362844702,
            "f1_macro": 0.7162736870504873,
            "f1_micro": 0.8947750362844702
        }
    },
    "by_label": {
        "disgust": {
            "accuracy": 0.8437236731255265,
            "f1_macro": 0.7211391843971631,
            "f1_micro": 0.8437236731255265
        },
        "anger": {
            "accuracy": 0.8443983402489627,
            "f1_macro": 0.6747834919694575,
            "f1_micro": 0.8443983402489627
        },
        "fear": {
            "accuracy": 0.9049415314975481,
            "f1_macro": 0.7500022453140296,
            "f1_micro": 0.9049415314975481
        },
        "joy": {
            "accuracy": 0.8306299509619012,
            "f1_macro": 0.7213850659180128,
            "f1_micro": 0.8306299509619012
        },
        "sadness": {
            "accuracy": 0.8581667295360241,
            "f1_macro": 0.640390903922027,
            "f1_micro": 0.8581667295360241
        },
        "surprise": {
            "accuracy": 0.9092347241447498,
            "f1_macro": 0.6454185287506273,
            "f1_micro": 0.9092347241447498
        }
    },
    "by_language_by_label": {
        "afr": {
            "disgust": {
                "accuracy": 1.0,
                "f1_macro": 1.0,
                "f1_micro": 1.0
            },
            "anger": {
                "accuracy": 0.963265306122449,
                "f1_macro": 0.49064449064449067,
                "f1_micro": 0.963265306122449
            },
            "fear": {
                "accuracy": 0.9061224489795918,
                "f1_macro": 0.4753747323340471,
                "f1_micro": 0.9061224489795918
            },
            "joy": {
                "accuracy": 0.673469387755102,
                "f1_macro": 0.6503496503496504,
                "f1_micro": 0.673469387755102
            },
            "sadness": {
                "accuracy": 0.8571428571428571,
                "f1_macro": 0.4883956804486606,
                "f1_micro": 0.8571428571428571
            },
            "surprise": {
                "accuracy": NaN,
                "f1_macro": NaN,
                "f1_micro": 0.0
            }
        },
        "rus": {
            "disgust": {
                "accuracy": 0.8973880597014925,
                "f1_macro": 0.5957601437053492,
                "f1_micro": 0.8973880597014925
            },
            "anger": {
                "accuracy": 0.8880597014925373,
                "f1_macro": 0.7373836354728074,
                "f1_micro": 0.8880597014925373
            },
            "fear": {
                "accuracy": 0.9496268656716418,
                "f1_macro": 0.8550001502900598,
                "f1_micro": 0.9496268656716418
            },
            "joy": {
                "accuracy": 0.7985074626865671,
                "f1_macro": 0.6188369152970923,
                "f1_micro": 0.7985074626865671
            },
            "sadness": {
                "accuracy": 0.8526119402985075,
                "f1_macro": 0.5829615403555424,
                "f1_micro": 0.8526119402985075
            },
            "surprise": {
                "accuracy": 0.8917910447761194,
                "f1_macro": 0.5317790228327008,
                "f1_micro": 0.8917910447761194
            }
        },
        "eng": {
            "disgust": {
                "accuracy": NaN,
                "f1_macro": NaN,
                "f1_micro": 0.0
            },
            "anger": {
                "accuracy": 0.8935018050541517,
                "f1_macro": 0.5178700494136736,
                "f1_micro": 0.8935018050541517
            },
            "fear": {
                "accuracy": 0.592057761732852,
                "f1_macro": 0.540232079905993,
                "f1_micro": 0.592057761732852
            },
            "joy": {
                "accuracy": 0.7725631768953068,
                "f1_macro": 0.5349500333111259,
                "f1_micro": 0.7725631768953068
            },
            "sadness": {
                "accuracy": 0.7111913357400722,
                "f1_macro": 0.5553147512692392,
                "f1_micro": 0.7111913357400722
            },
            "surprise": {
                "accuracy": 0.7256317689530686,
                "f1_macro": 0.6496471841299427,
                "f1_micro": 0.7256317689530686
            }
        },
        "tir": {
            "disgust": {
                "accuracy": 0.7666214382632293,
                "f1_macro": 0.7402078927089994,
                "f1_micro": 0.7666214382632293
            },
            "anger": {
                "accuracy": 0.858887381275441,
                "f1_macro": 0.46204379562043796,
                "f1_micro": 0.858887381275441
            },
            "fear": {
                "accuracy": 0.9647218453188603,
                "f1_macro": 0.4910220994475138,
                "f1_micro": 0.9647218453188603
            },
            "joy": {
                "accuracy": 0.8968792401628223,
                "f1_macro": 0.5846286188894162,
                "f1_micro": 0.8968792401628223
            },
            "sadness": {
                "accuracy": 0.8900949796472184,
                "f1_macro": 0.6606833283124826,
                "f1_micro": 0.8900949796472184
            },
            "surprise": {
                "accuracy": 0.9280868385345997,
                "f1_macro": 0.7374668145310348,
                "f1_micro": 0.9280868385345997
            }
        },
        "sun": {
            "disgust": {
                "accuracy": 0.9351351351351351,
                "f1_macro": 0.48324022346368717,
                "f1_micro": 0.9351351351351351
            },
            "anger": {
                "accuracy": 0.9405405405405406,
                "f1_macro": 0.5615169144580909,
                "f1_micro": 0.9405405405405406
            },
            "fear": {
                "accuracy": 0.9621621621621622,
                "f1_macro": 0.4903581267217631,
                "f1_micro": 0.9621621621621622
            },
            "joy": {
                "accuracy": 0.7837837837837838,
                "f1_macro": 0.5663384903891233,
                "f1_micro": 0.7837837837837838
            },
            "sadness": {
                "accuracy": 0.8972972972972973,
                "f1_macro": 0.7971139971139971,
                "f1_micro": 0.8972972972972973
            },